,VIF Factor,features
0,2.7844312469368115,CRA
1,45.80572863116266,% Loans to MHI borrowers
2,8.536655831308224,% Single Family
3,3.3418123634329175,% below poverty level
4,7.112088633479246,Percent NH White alone
5,8.335242829514952,Total number of housing units
6,18.51264410260357,Percent of population 25 years and over with Bachelor's degree
7,26.991476965360754,Median home value
8,22.517372418817587,Median income
